ERF_ID,Source_ID,Rupture_ID,Source_Name,Source_Type,Mag,Prob,Grid_Spacing,Num_Rows,Num_Columns,Num_Points,Start_Lat,Start_Lon,Start_Depth,End_Lat,End_Lon,End_Depth
100,36,0,SISZ_Fault_36,,4,0.04988095534,0.2,65,179,11635,63.8158,-19.8145,0,64.1369,-19.8009,13
100,36,1,SISZ_Fault_36,,4.1,0.04467413507,0.2,65,179,11635,63.8158,-19.8145,0,64.1369,-19.8009,13
100,36,2,SISZ_Fault_36,,4.2,0.04049505783,0.2,65,179,11635,63.8158,-19.8145,0,64.1369,-19.8009,13
100,36,3,SISZ_Fault_36,,4.3,0.03585187907,0.2,65,179,11635,63.8158,-19.8145,0,64.1369,-19.8009,13
100,36,4,SISZ_Fault_36,,4.4,0.03118112605,0.2,65,179,11635,63.8158,-19.8145,0,64.1369,-19.8009,13
100,36,5,SISZ_Fault_36,,4.5,0.02807323054,0.2,65,179,11635,63.8158,-19.8145,0,64.1369,-19.8009,13
100,36,6,SISZ_Fault_36,,4.6,0.02548253376,0.2,65,179,11635,63.8158,-19.8145,0,64.1369,-19.8009,13
100,36,7,SISZ_Fault_36,,4.7,0.02239295075,0.2,65,179,11635,63.8158,-19.8145,0,64.1369,-19.8009,13
100,36,8,SISZ_Fault_36,,4.8,0.01985988179,0.2,65,179,11635,63.8158,-19.8145,0,64.1369,-19.8009,13
100,36,9,SISZ_Fault_36,,4.9,0.01776172322,0.2,65,179,11635,63.8158,-19.8145,0,64.1369,-19.8009,13
100,36,10,SISZ_Fault_36,,5,0.01553380721,0.2,65,179,11635,63.8158,-19.8145,0,64.1369,-19.8009,13
100,36,11,SISZ_Fault_36,,5.1,0.01406104793,0.2,65,179,11635,63.8158,-19.8145,0,64.1369,-19.8009,13
100,36,12,SISZ_Fault_36,,5.2,0.01242374332,0.2,65,179,11635,63.8158,-19.8145,0,64.1369,-19.8009,13
100,36,13,SISZ_Fault_36,,5.3,0.01128926794,0.2,65,179,11635,63.8158,-19.8145,0,64.1369,-19.8009,13
100,36,14,SISZ_Fault_36,,5.4,0.01029650843,0.2,65,179,11635,63.8158,-19.8145,0,64.1369,-19.8009,13
100,36,15,SISZ_Fault_36,,5.5,0.00911249948,0.2,65,179,11635,63.8158,-19.8145,0,64.1369,-19.8009,13
100,36,16,SISZ_Fault_36,,5.6,0.008311035689,0.2,65,179,11635,63.8158,-19.8145,0,64.1369,-19.8009,13
100,36,17,SISZ_Fault_36,,5.7,0.007647899152,0.2,65,179,11635,63.8158,-19.8145,0,64.1369,-19.8009,13
100,36,18,SISZ_Fault_36,,5.8,0.006988242483,0.2,65,179,11635,63.8158,-19.8145,0,64.1369,-19.8009,13
100,36,19,SISZ_Fault_36,,5.9,0.006413910194,0.2,65,179,11635,63.8158,-19.8145,0,64.1369,-19.8009,13
100,36,20,SISZ_Fault_36,,6,0.005892796584,0.2,65,179,11635,63.8158,-19.8145,0,64.1369,-19.8009,13
100,36,21,SISZ_Fault_36,,6.1,0.005373235502,0.2,65,179,11635,63.8158,-19.8145,0,64.1369,-19.8009,13
100,36,22,SISZ_Fault_36,,6.2,0.004705404344,0.2,65,179,11635,63.8158,-19.8145,0,64.1369,-19.8009,13
100,36,23,SISZ_Fault_36,,6.3,0.003943864904,0.2,65,179,11635,63.8158,-19.8145,0,64.1369,-19.8009,13
100,36,24,SISZ_Fault_36,,6.4,0.003063216967,0.2,65,179,11635,63.8158,-19.8145,0,64.1369,-19.8009,13
100,36,25,SISZ_Fault_36,,6.5,0.002268370715,0.2,65,179,11635,63.8158,-19.8145,0,64.1369,-19.8009,13
100,36,26,SISZ_Fault_36,,6.6,0.001358053804,0.2,65,179,11635,63.8158,-19.8145,0,64.1369,-19.8009,13
100,36,27,SISZ_Fault_36,,6.7,0.0007331517067,0.2,65,179,11635,63.8158,-19.8145,0,64.1369,-19.8009,13
100,36,28,SISZ_Fault_36,,6.8,0.0002735054196,0.2,65,179,11635,63.8158,-19.8145,0,64.1369,-19.8009,13
100,36,29,SISZ_Fault_36,,6.9,0.0001254580616,0.2,65,179,11635,63.8158,-19.8145,0,64.1369,-19.8009,13
100,36,30,SISZ_Fault_36,,7,1.15E-05,0.2,65,179,11635,63.8158,-19.8145,0,64.1369,-19.8009,13
100,36,31,SISZ_Fault_36,,7.1,3.33E-06,0.2,65,179,11635,63.8158,-19.8145,0,64.1369,-19.8009,13
100,36,32,SISZ_Fault_36,,7.2,8.99E-07,0.2,65,179,11635,63.8158,-19.8145,0,64.1369,-19.8009,13
100,35,0,SISZ_Fault_35,,4,0.04591414242,0.2,65,179,11635,63.8158,-19.9229,0,64.1369,-19.9105,13
100,35,1,SISZ_Fault_35,,4.1,0.03857267185,0.2,65,179,11635,63.8158,-19.9229,0,64.1369,-19.9105,13
100,35,2,SISZ_Fault_35,,4.2,0.03309599559,0.2,65,179,11635,63.8158,-19.9229,0,64.1369,-19.9105,13
100,35,3,SISZ_Fault_35,,4.3,0.02970704565,0.2,65,179,11635,63.8158,-19.9229,0,64.1369,-19.9105,13
100,35,4,SISZ_Fault_35,,4.4,0.02677482588,0.2,65,179,11635,63.8158,-19.9229,0,64.1369,-19.9105,13
100,35,5,SISZ_Fault_35,,4.5,0.02270982618,0.2,65,179,11635,63.8158,-19.9229,0,64.1369,-19.9105,13
100,35,6,SISZ_Fault_35,,4.6,0.02091216495,0.2,65,179,11635,63.8158,-19.9229,0,64.1369,-19.9105,13
100,35,7,SISZ_Fault_35,,4.7,0.01865401548,0.2,65,179,11635,63.8158,-19.9229,0,64.1369,-19.9105,13
100,35,8,SISZ_Fault_35,,4.8,0.0170043759,0.2,65,179,11635,63.8158,-19.9229,0,64.1369,-19.9105,13
100,35,9,SISZ_Fault_35,,4.9,0.01548194198,0.2,65,179,11635,63.8158,-19.9229,0,64.1369,-19.9105,13
100,35,10,SISZ_Fault_35,,5,0.01363587811,0.2,65,179,11635,63.8158,-19.9229,0,64.1369,-19.9105,13
100,35,11,SISZ_Fault_35,,5.1,0.01233740444,0.2,65,179,11635,63.8158,-19.9229,0,64.1369,-19.9105,13
100,35,12,SISZ_Fault_35,,5.2,0.01105332231,0.2,65,179,11635,63.8158,-19.9229,0,64.1369,-19.9105,13
100,35,13,SISZ_Fault_35,,5.3,0.01006886836,0.2,65,179,11635,63.8158,-19.9229,0,64.1369,-19.9105,13
100,35,14,SISZ_Fault_35,,5.4,0.00902550182,0.2,65,179,11635,63.8158,-19.9229,0,64.1369,-19.9105,13
100,35,15,SISZ_Fault_35,,5.5,0.008073611575,0.2,65,179,11635,63.8158,-19.9229,0,64.1369,-19.9105,13
100,35,16,SISZ_Fault_35,,5.6,0.007353332693,0.2,65,179,11635,63.8158,-19.9229,0,64.1369,-19.9105,13
100,35,17,SISZ_Fault_35,,5.7,0.006665749585,0.2,65,179,11635,63.8158,-19.9229,0,64.1369,-19.9105,13
100,35,18,SISZ_Fault_35,,5.8,0.006098717397,0.2,65,179,11635,63.8158,-19.9229,0,64.1369,-19.9105,13
100,35,19,SISZ_Fault_35,,5.9,0.005594601632,0.2,65,179,11635,63.8158,-19.9229,0,64.1369,-19.9105,13
100,35,20,SISZ_Fault_35,,6,0.005171649353,0.2,65,179,11635,63.8158,-19.9229,0,64.1369,-19.9105,13
100,35,21,SISZ_Fault_35,,6.1,0.004720221892,0.2,65,179,11635,63.8158,-19.9229,0,64.1369,-19.9105,13
100,35,22,SISZ_Fault_35,,6.2,0.004134440704,0.2,65,179,11635,63.8158,-19.9229,0,64.1369,-19.9105,13
100,35,23,SISZ_Fault_35,,6.3,0.003392389573,0.2,65,179,11635,63.8158,-19.9229,0,64.1369,-19.9105,13
100,35,24,SISZ_Fault_35,,6.4,0.002623761485,0.2,65,179,11635,63.8158,-19.9229,0,64.1369,-19.9105,13
100,35,25,SISZ_Fault_35,,6.5,0.001931804795,0.2,65,179,11635,63.8158,-19.9229,0,64.1369,-19.9105,13
100,35,26,SISZ_Fault_35,,6.6,0.001135021698,0.2,65,179,11635,63.8158,-19.9229,0,64.1369,-19.9105,13
100,35,27,SISZ_Fault_35,,6.7,0.0006131364335,0.2,65,179,11635,63.8158,-19.9229,0,64.1369,-19.9105,13
100,35,28,SISZ_Fault_35,,6.8,0.0002322599289,0.2,65,179,11635,63.8158,-19.9229,0,64.1369,-19.9105,13
100,35,29,SISZ_Fault_35,,6.9,0.0001059188713,0.2,65,179,11635,63.8158,-19.9229,0,64.1369,-19.9105,13
100,35,30,SISZ_Fault_35,,7,9.24E-06,0.2,65,179,11635,63.8158,-19.9229,0,64.1369,-19.9105,13
100,35,31,SISZ_Fault_35,,7.1,2.32E-06,0.2,65,179,11635,63.8158,-19.9229,0,64.1369,-19.9105,13
100,35,32,SISZ_Fault_35,,7.2,6.24E-07,0.2,65,179,11635,63.8158,-19.9229,0,64.1369,-19.9105,13
100,34,0,SISZ_Fault_34,,4,0.03143151643,0.2,65,179,11635,63.8157,-19.9944,0,64.1369,-19.9828,13
100,34,1,SISZ_Fault_34,,4.1,0.02871380126,0.2,65,179,11635,63.8157,-19.9944,0,64.1369,-19.9828,13
100,34,2,SISZ_Fault_34,,4.2,0.02410812936,0.2,65,179,11635,63.8157,-19.9944,0,64.1369,-19.9828,13
100,34,3,SISZ_Fault_34,,4.3,0.02235912971,0.2,65,179,11635,63.8157,-19.9944,0,64.1369,-19.9828,13
100,34,4,SISZ_Fault_34,,4.4,0.01893645353,0.2,65,179,11635,63.8157,-19.9944,0,64.1369,-19.9828,13
100,34,5,SISZ_Fault_34,,4.5,0.01738013623,0.2,65,179,11635,63.8157,-19.9944,0,64.1369,-19.9828,13
100,34,6,SISZ_Fault_34,,4.6,0.01479486106,0.2,65,179,11635,63.8157,-19.9944,0,64.1369,-19.9828,13
100,34,7,SISZ_Fault_34,,4.7,0.01318648167,0.2,65,179,11635,63.8157,-19.9944,0,64.1369,-19.9828,13
100,34,8,SISZ_Fault_34,,4.8,0.01148266183,0.2,65,179,11635,63.8157,-19.9944,0,64.1369,-19.9828,13
100,34,9,SISZ_Fault_34,,4.9,0.01017107861,0.2,65,179,11635,63.8157,-19.9944,0,64.1369,-19.9828,13
100,34,10,SISZ_Fault_34,,5,0.009072786057,0.2,65,179,11635,63.8157,-19.9944,0,64.1369,-19.9828,13
100,34,11,SISZ_Fault_34,,5.1,0.008068251079,0.2,65,179,11635,63.8157,-19.9944,0,64.1369,-19.9828,13
100,34,12,SISZ_Fault_34,,5.2,0.007447941344,0.2,65,179,11635,63.8157,-19.9944,0,64.1369,-19.9828,13
100,34,13,SISZ_Fault_34,,5.3,0.006585618058,0.2,65,179,11635,63.8157,-19.9944,0,64.1369,-19.9828,13
100,34,14,SISZ_Fault_34,,5.4,0.006012666474,0.2,65,179,11635,63.8157,-19.9944,0,64.1369,-19.9828,13
100,34,15,SISZ_Fault_34,,5.5,0.005340019471,0.2,65,179,11635,63.8157,-19.9944,0,64.1369,-19.9828,13
100,34,16,SISZ_Fault_34,,5.6,0.004858444261,0.2,65,179,11635,63.8157,-19.9944,0,64.1369,-19.9828,13
100,34,17,SISZ_Fault_34,,5.7,0.004419342425,0.2,65,179,11635,63.8157,-19.9944,0,64.1369,-19.9828,13
100,34,18,SISZ_Fault_34,,5.8,0.004050088577,0.2,65,179,11635,63.8157,-19.9944,0,64.1369,-19.9828,13
100,34,19,SISZ_Fault_34,,5.9,0.00372276804,0.2,65,179,11635,63.8157,-19.9944,0,64.1369,-19.9828,13
100,34,20,SISZ_Fault_34,,6,0.003362837937,0.2,65,179,11635,63.8157,-19.9944,0,64.1369,-19.9828,13
100,34,21,SISZ_Fault_34,,6.1,0.003045194233,0.2,65,179,11635,63.8157,-19.9944,0,64.1369,-19.9828,13
100,34,22,SISZ_Fault_34,,6.2,0.002702128326,0.2,65,179,11635,63.8157,-19.9944,0,64.1369,-19.9828,13
100,34,23,SISZ_Fault_34,,6.3,0.002269013075,0.2,65,179,11635,63.8157,-19.9944,0,64.1369,-19.9828,13
100,34,24,SISZ_Fault_34,,6.4,0.001770122559,0.2,65,179,11635,63.8157,-19.9944,0,64.1369,-19.9828,13
100,34,25,SISZ_Fault_34,,6.5,0.001282300352,0.2,65,179,11635,63.8157,-19.9944,0,64.1369,-19.9828,13
100,34,26,SISZ_Fault_34,,6.6,0.000743775378,0.2,65,179,11635,63.8157,-19.9944,0,64.1369,-19.9828,13
100,34,27,SISZ_Fault_34,,6.7,0.000391218163,0.2,65,179,11635,63.8157,-19.9944,0,64.1369,-19.9828,13
100,34,28,SISZ_Fault_34,,6.8,0.0001490800066,0.2,65,179,11635,63.8157,-19.9944,0,64.1369,-19.9828,13
100,34,29,SISZ_Fault_34,,6.9,6.79E-05,0.2,65,179,11635,63.8157,-19.9944,0,64.1369,-19.9828,13
100,34,30,SISZ_Fault_34,,7,5.86E-06,0.2,65,179,11635,63.8157,-19.9944,0,64.1369,-19.9828,13
100,34,31,SISZ_Fault_34,,7.1,1.52E-06,0.2,65,179,11635,63.8157,-19.9944,0,64.1369,-19.9828,13
100,34,32,SISZ_Fault_34,,7.2,4.12E-07,0.2,65,179,11635,63.8157,-19.9944,0,64.1369,-19.9828,13
100,33,0,SISZ_Fault_33,,4,0.04480422487,0.2,65,179,11635,63.8156,-20.0989,0,64.1368,-20.0885,13
100,33,1,SISZ_Fault_33,,4.1,0.03830384871,0.2,65,179,11635,63.8156,-20.0989,0,64.1368,-20.0885,13
100,33,2,SISZ_Fault_33,,4.2,0.0332824064,0.2,65,179,11635,63.8156,-20.0989,0,64.1368,-20.0885,13
100,33,3,SISZ_Fault_33,,4.3,0.02857484508,0.2,65,179,11635,63.8156,-20.0989,0,64.1368,-20.0885,13
100,33,4,SISZ_Fault_33,,4.4,0.02595654384,0.2,65,179,11635,63.8156,-20.0989,0,64.1368,-20.0885,13
100,33,5,SISZ_Fault_33,,4.5,0.02288506391,0.2,65,179,11635,63.8156,-20.0989,0,64.1368,-20.0885,13
100,33,6,SISZ_Fault_33,,4.6,0.02033258576,0.2,65,179,11635,63.8156,-20.0989,0,64.1368,-20.0885,13
100,33,7,SISZ_Fault_33,,4.7,0.01809091699,0.2,65,179,11635,63.8156,-20.0989,0,64.1368,-20.0885,13
100,33,8,SISZ_Fault_33,,4.8,0.01623645312,0.2,65,179,11635,63.8156,-20.0989,0,64.1368,-20.0885,13
100,33,9,SISZ_Fault_33,,4.9,0.01425475418,0.2,65,179,11635,63.8156,-20.0989,0,64.1368,-20.0885,13
100,33,10,SISZ_Fault_33,,5,0.01283279499,0.2,65,179,11635,63.8156,-20.0989,0,64.1368,-20.0885,13
100,33,11,SISZ_Fault_33,,5.1,0.01155640282,0.2,65,179,11635,63.8156,-20.0989,0,64.1368,-20.0885,13
100,33,12,SISZ_Fault_33,,5.2,0.0102671055,0.2,65,179,11635,63.8156,-20.0989,0,64.1368,-20.0885,13
100,33,13,SISZ_Fault_33,,5.3,0.009399094045,0.2,65,179,11635,63.8156,-20.0989,0,64.1368,-20.0885,13
100,33,14,SISZ_Fault_33,,5.4,0.00844530929,0.2,65,179,11635,63.8156,-20.0989,0,64.1368,-20.0885,13
100,33,15,SISZ_Fault_33,,5.5,0.007739972161,0.2,65,179,11635,63.8156,-20.0989,0,64.1368,-20.0885,13
100,33,16,SISZ_Fault_33,,5.6,0.006984430337,0.2,65,179,11635,63.8156,-20.0989,0,64.1368,-20.0885,13
100,33,17,SISZ_Fault_33,,5.7,0.006359181585,0.2,65,179,11635,63.8156,-20.0989,0,64.1368,-20.0885,13
100,33,18,SISZ_Fault_33,,5.8,0.005827087296,0.2,65,179,11635,63.8156,-20.0989,0,64.1368,-20.0885,13
100,33,19,SISZ_Fault_33,,5.9,0.00535006787,0.2,65,179,11635,63.8156,-20.0989,0,64.1368,-20.0885,13
100,33,20,SISZ_Fault_33,,6,0.00490728918,0.2,65,179,11635,63.8156,-20.0989,0,64.1368,-20.0885,13
100,33,21,SISZ_Fault_33,,6.1,0.004468253082,0.2,65,179,11635,63.8156,-20.0989,0,64.1368,-20.0885,13
100,33,22,SISZ_Fault_33,,6.2,0.003944935801,0.2,65,179,11635,63.8156,-20.0989,0,64.1368,-20.0885,13
100,33,23,SISZ_Fault_33,,6.3,0.003255340387,0.2,65,179,11635,63.8156,-20.0989,0,64.1368,-20.0885,13
100,33,24,SISZ_Fault_33,,6.4,0.002551449338,0.2,65,179,11635,63.8156,-20.0989,0,64.1368,-20.0885,13
100,33,25,SISZ_Fault_33,,6.5,0.001856041394,0.2,65,179,11635,63.8156,-20.0989,0,64.1368,-20.0885,13
100,33,26,SISZ_Fault_33,,6.6,0.001086689905,0.2,65,179,11635,63.8156,-20.0989,0,64.1368,-20.0885,13
100,33,27,SISZ_Fault_33,,6.7,0.000584172179,0.2,65,179,11635,63.8156,-20.0989,0,64.1368,-20.0885,13
100,33,28,SISZ_Fault_33,,6.8,0.0002162020309,0.2,65,179,11635,63.8156,-20.0989,0,64.1368,-20.0885,13
100,33,29,SISZ_Fault_33,,6.9,9.37E-05,0.2,65,179,11635,63.8156,-20.0989,0,64.1368,-20.0885,13
100,33,30,SISZ_Fault_33,,7,8.86E-06,0.2,65,179,11635,63.8156,-20.0989,0,64.1368,-20.0885,13
100,33,31,SISZ_Fault_33,,7.1,2.32E-06,0.2,65,179,11635,63.8156,-20.0989,0,64.1368,-20.0885,13
100,33,32,SISZ_Fault_33,,7.2,6.13E-07,0.2,65,179,11635,63.8156,-20.0989,0,64.1368,-20.0885,13
100,32,0,SISZ_Fault_32,,4,0.03439456823,0.2,64,177,11328,63.8173,-20.1794,0,64.1348,-20.1701,12.8
100,32,1,SISZ_Fault_32,,4.1,0.03125590558,0.2,64,177,11328,63.8173,-20.1794,0,64.1348,-20.1701,12.8
100,32,2,SISZ_Fault_32,,4.2,0.02829772147,0.2,64,177,11328,63.8173,-20.1794,0,64.1348,-20.1701,12.8
100,32,3,SISZ_Fault_32,,4.3,0.02517699746,0.2,64,177,11328,63.8173,-20.1794,0,64.1348,-20.1701,12.8
100,32,4,SISZ_Fault_32,,4.4,0.02254453036,0.2,64,177,11328,63.8173,-20.1794,0,64.1348,-20.1701,12.8
100,32,5,SISZ_Fault_32,,4.5,0.01944465477,0.2,64,177,11328,63.8173,-20.1794,0,64.1348,-20.1701,12.8
100,32,6,SISZ_Fault_32,,4.6,0.0167929412,0.2,64,177,11328,63.8173,-20.1794,0,64.1348,-20.1701,12.8
100,32,7,SISZ_Fault_32,,4.7,0.01479765204,0.2,64,177,11328,63.8173,-20.1794,0,64.1348,-20.1701,12.8
100,32,8,SISZ_Fault_32,,4.8,0.01318375145,0.2,64,177,11328,63.8173,-20.1794,0,64.1348,-20.1701,12.8
100,32,9,SISZ_Fault_32,,4.9,0.0115493187,0.2,64,177,11328,63.8173,-20.1794,0,64.1348,-20.1701,12.8
100,32,10,SISZ_Fault_32,,5,0.01026878543,0.2,64,177,11328,63.8173,-20.1794,0,64.1348,-20.1701,12.8
100,32,11,SISZ_Fault_32,,5.1,0.009184835283,0.2,64,177,11328,63.8173,-20.1794,0,64.1348,-20.1701,12.8
100,32,12,SISZ_Fault_32,,5.2,0.008209260938,0.2,64,177,11328,63.8173,-20.1794,0,64.1348,-20.1701,12.8
100,32,13,SISZ_Fault_32,,5.3,0.007511112399,0.2,64,177,11328,63.8173,-20.1794,0,64.1348,-20.1701,12.8
100,32,14,SISZ_Fault_32,,5.4,0.006727606657,0.2,64,177,11328,63.8173,-20.1794,0,64.1348,-20.1701,12.8
100,32,15,SISZ_Fault_32,,5.5,0.006051871534,0.2,64,177,11328,63.8173,-20.1794,0,64.1348,-20.1701,12.8
100,32,16,SISZ_Fault_32,,5.6,0.005413502858,0.2,64,177,11328,63.8173,-20.1794,0,64.1348,-20.1701,12.8
100,32,17,SISZ_Fault_32,,5.7,0.004927170102,0.2,64,177,11328,63.8173,-20.1794,0,64.1348,-20.1701,12.8
100,32,18,SISZ_Fault_32,,5.8,0.004557909962,0.2,64,177,11328,63.8173,-20.1794,0,64.1348,-20.1701,12.8
100,32,19,SISZ_Fault_32,,5.9,0.004165749016,0.2,64,177,11328,63.8173,-20.1794,0,64.1348,-20.1701,12.8
100,32,20,SISZ_Fault_32,,6,0.003827214397,0.2,64,177,11328,63.8173,-20.1794,0,64.1348,-20.1701,12.8
100,32,21,SISZ_Fault_32,,6.1,0.003478679594,0.2,64,177,11328,63.8173,-20.1794,0,64.1348,-20.1701,12.8
100,32,22,SISZ_Fault_32,,6.2,0.003043109895,0.2,64,177,11328,63.8173,-20.1794,0,64.1348,-20.1701,12.8
100,32,23,SISZ_Fault_32,,6.3,0.002527546221,0.2,64,177,11328,63.8173,-20.1794,0,64.1348,-20.1701,12.8
100,32,24,SISZ_Fault_32,,6.4,0.001968086454,0.2,64,177,11328,63.8173,-20.1794,0,64.1348,-20.1701,12.8
100,32,25,SISZ_Fault_32,,6.5,0.001427657367,0.2,64,177,11328,63.8173,-20.1794,0,64.1348,-20.1701,12.8
100,32,26,SISZ_Fault_32,,6.6,0.000768790789,0.2,64,177,11328,63.8173,-20.1794,0,64.1348,-20.1701,12.8
100,32,27,SISZ_Fault_32,,6.7,0.0004298262036,0.2,64,177,11328,63.8173,-20.1794,0,64.1348,-20.1701,12.8
100,32,28,SISZ_Fault_32,,6.8,0.000151152992,0.2,64,177,11328,63.8173,-20.1794,0,64.1348,-20.1701,12.8
100,32,29,SISZ_Fault_32,,6.9,6.29E-05,0.2,64,177,11328,63.8173,-20.1794,0,64.1348,-20.1701,12.8
100,32,30,SISZ_Fault_32,,7,5.26E-06,0.2,64,177,11328,63.8173,-20.1794,0,64.1348,-20.1701,12.8
100,32,31,SISZ_Fault_32,,7.1,1.62E-06,0.2,64,177,11328,63.8173,-20.1794,0,64.1348,-20.1701,12.8
100,32,32,SISZ_Fault_32,,7.2,4.37E-07,0.2,64,177,11328,63.8173,-20.1794,0,64.1348,-20.1701,12.8
100,31,0,SISZ_Fault_31,,4,0.05092373778,0.2,60,170,10200,63.8227,-20.3008,0,64.1288,-20.2931,12.1
100,31,1,SISZ_Fault_31,,4.1,0.04697415203,0.2,60,170,10200,63.8227,-20.3008,0,64.1288,-20.2931,12.1
100,31,2,SISZ_Fault_31,,4.2,0.04245391824,0.2,60,170,10200,63.8227,-20.3008,0,64.1288,-20.2931,12.1
100,31,3,SISZ_Fault_31,,4.3,0.03769337621,0.2,60,170,10200,63.8227,-20.3008,0,64.1288,-20.2931,12.1
100,31,4,SISZ_Fault_31,,4.4,0.03390683969,0.2,60,170,10200,63.8227,-20.3008,0,64.1288,-20.2931,12.1
100,31,5,SISZ_Fault_31,,4.5,0.02947051225,0.2,60,170,10200,63.8227,-20.3008,0,64.1288,-20.2931,12.1
100,31,6,SISZ_Fault_31,,4.6,0.02610427249,0.2,60,170,10200,63.8227,-20.3008,0,64.1288,-20.2931,12.1
100,31,7,SISZ_Fault_31,,4.7,0.02289956632,0.2,60,170,10200,63.8227,-20.3008,0,64.1288,-20.2931,12.1
100,31,8,SISZ_Fault_31,,4.8,0.02035361859,0.2,60,170,10200,63.8227,-20.3008,0,64.1288,-20.2931,12.1
100,31,9,SISZ_Fault_31,,4.9,0.01770980116,0.2,60,170,10200,63.8227,-20.3008,0,64.1288,-20.2931,12.1
100,31,10,SISZ_Fault_31,,5,0.01592470486,0.2,60,170,10200,63.8227,-20.3008,0,64.1288,-20.2931,12.1
100,31,11,SISZ_Fault_31,,5.1,0.01416514001,0.2,60,170,10200,63.8227,-20.3008,0,64.1288,-20.2931,12.1
100,31,12,SISZ_Fault_31,,5.2,0.01273285374,0.2,60,170,10200,63.8227,-20.3008,0,64.1288,-20.2931,12.1
100,31,13,SISZ_Fault_31,,5.3,0.01112855384,0.2,60,170,10200,63.8227,-20.3008,0,64.1288,-20.2931,12.1
100,31,14,SISZ_Fault_31,,5.4,0.01004271636,0.2,60,170,10200,63.8227,-20.3008,0,64.1288,-20.2931,12.1
100,31,15,SISZ_Fault_31,,5.5,0.009021174487,0.2,60,170,10200,63.8227,-20.3008,0,64.1288,-20.2931,12.1
100,31,16,SISZ_Fault_31,,5.6,0.008131092702,0.2,60,170,10200,63.8227,-20.3008,0,64.1288,-20.2931,12.1
100,31,17,SISZ_Fault_31,,5.7,0.007439428533,0.2,60,170,10200,63.8227,-20.3008,0,64.1288,-20.2931,12.1
100,31,18,SISZ_Fault_31,,5.8,0.006862356102,0.2,60,170,10200,63.8227,-20.3008,0,64.1288,-20.2931,12.1
100,31,19,SISZ_Fault_31,,5.9,0.006243446577,0.2,60,170,10200,63.8227,-20.3008,0,64.1288,-20.2931,12.1
100,31,20,SISZ_Fault_31,,6,0.005754082208,0.2,60,170,10200,63.8227,-20.3008,0,64.1288,-20.2931,12.1
100,31,21,SISZ_Fault_31,,6.1,0.005168770683,0.2,60,170,10200,63.8227,-20.3008,0,64.1288,-20.2931,12.1
100,31,22,SISZ_Fault_31,,6.2,0.004485525141,0.2,60,170,10200,63.8227,-20.3008,0,64.1288,-20.2931,12.1
100,31,23,SISZ_Fault_31,,6.3,0.003782755357,0.2,60,170,10200,63.8227,-20.3008,0,64.1288,-20.2931,12.1
100,31,24,SISZ_Fault_31,,6.4,0.002909234544,0.2,60,170,10200,63.8227,-20.3008,0,64.1288,-20.2931,12.1
100,31,25,SISZ_Fault_31,,6.5,0.00204763519,0.2,60,170,10200,63.8227,-20.3008,0,64.1288,-20.2931,12.1
100,31,26,SISZ_Fault_31,,6.6,0.001084595567,0.2,60,170,10200,63.8227,-20.3008,0,64.1288,-20.2931,12.1
100,31,27,SISZ_Fault_31,,6.7,0.0005942930157,0.2,60,170,10200,63.8227,-20.3008,0,64.1288,-20.2931,12.1
100,31,28,SISZ_Fault_31,,6.8,0.0002101988255,0.2,60,170,10200,63.8227,-20.3008,0,64.1288,-20.2931,12.1
100,31,29,SISZ_Fault_31,,6.9,1.66E-05,0.2,60,170,10200,63.8227,-20.3008,0,64.1288,-20.2931,12.1
100,31,30,SISZ_Fault_31,,7,5.78E-06,0.2,60,170,10200,63.8227,-20.3008,0,64.1288,-20.2931,12.1
100,31,31,SISZ_Fault_31,,7.1,2.12E-06,0.2,60,170,10200,63.8227,-20.3008,0,64.1288,-20.2931,12.1
100,31,32,SISZ_Fault_31,,7.2,3.68E-07,0.2,60,170,10200,63.8227,-20.3008,0,64.1288,-20.2931,12.1
100,30,0,SISZ_Fault_30,,4,0.009916329328,0.2,59,169,9971,63.8238,-20.3261,0,64.1275,-20.3188,11.9
100,30,1,SISZ_Fault_30,,4.1,0.009217499143,0.2,59,169,9971,63.8238,-20.3261,0,64.1275,-20.3188,11.9
100,30,2,SISZ_Fault_30,,4.2,0.008823126663,0.2,59,169,9971,63.8238,-20.3261,0,64.1275,-20.3188,11.9
100,30,3,SISZ_Fault_30,,4.3,0.007829163737,0.2,59,169,9971,63.8238,-20.3261,0,64.1275,-20.3188,11.9
100,30,4,SISZ_Fault_30,,4.4,0.006572055414,0.2,59,169,9971,63.8238,-20.3261,0,64.1275,-20.3188,11.9
100,30,5,SISZ_Fault_30,,4.5,0.005630070056,0.2,59,169,9971,63.8238,-20.3261,0,64.1275,-20.3188,11.9
100,30,6,SISZ_Fault_30,,4.6,0.0051340878,0.2,59,169,9971,63.8238,-20.3261,0,64.1275,-20.3188,11.9
100,30,7,SISZ_Fault_30,,4.7,0.004613928128,0.2,59,169,9971,63.8238,-20.3261,0,64.1275,-20.3188,11.9
100,30,8,SISZ_Fault_30,,4.8,0.004070582938,0.2,59,169,9971,63.8238,-20.3261,0,64.1275,-20.3188,11.9
100,30,9,SISZ_Fault_30,,4.9,0.003511271148,0.2,59,169,9971,63.8238,-20.3261,0,64.1275,-20.3188,11.9
100,30,10,SISZ_Fault_30,,5,0.003158387277,0.2,59,169,9971,63.8238,-20.3261,0,64.1275,-20.3188,11.9
100,30,11,SISZ_Fault_30,,5.1,0.002926218141,0.2,59,169,9971,63.8238,-20.3261,0,64.1275,-20.3188,11.9
100,30,12,SISZ_Fault_30,,5.2,0.002620228592,0.2,59,169,9971,63.8238,-20.3261,0,64.1275,-20.3188,11.9
100,30,13,SISZ_Fault_30,,5.3,0.002368201548,0.2,59,169,9971,63.8238,-20.3261,0,64.1275,-20.3188,11.9
100,30,14,SISZ_Fault_30,,5.4,0.002163661122,0.2,59,169,9971,63.8238,-20.3261,0,64.1275,-20.3188,11.9
100,30,15,SISZ_Fault_30,,5.5,0.001950414709,0.2,59,169,9971,63.8238,-20.3261,0,64.1275,-20.3188,11.9
100,30,16,SISZ_Fault_30,,5.6,0.001775599831,0.2,59,169,9971,63.8238,-20.3261,0,64.1275,-20.3188,11.9
100,30,17,SISZ_Fault_30,,5.7,0.001603062922,0.2,59,169,9971,63.8238,-20.3261,0,64.1275,-20.3188,11.9
100,30,18,SISZ_Fault_30,,5.8,0.001475779603,0.2,59,169,9971,63.8238,-20.3261,0,64.1275,-20.3188,11.9
100,30,19,SISZ_Fault_30,,5.9,0.001334786458,0.2,59,169,9971,63.8238,-20.3261,0,64.1275,-20.3188,11.9
100,30,20,SISZ_Fault_30,,6,0.001201034948,0.2,59,169,9971,63.8238,-20.3261,0,64.1275,-20.3188,11.9
100,30,21,SISZ_Fault_30,,6.1,0.001087333965,0.2,59,169,9971,63.8238,-20.3261,0,64.1275,-20.3188,11.9
100,30,22,SISZ_Fault_30,,6.2,0.0009478975019,0.2,59,169,9971,63.8238,-20.3261,0,64.1275,-20.3188,11.9
100,30,23,SISZ_Fault_30,,6.3,0.0007923484693,0.2,59,169,9971,63.8238,-20.3261,0,64.1275,-20.3188,11.9
100,30,24,SISZ_Fault_30,,6.4,0.0005931361933,0.2,59,169,9971,63.8238,-20.3261,0,64.1275,-20.3188,11.9
100,30,25,SISZ_Fault_30,,6.5,0.000405275326,0.2,59,169,9971,63.8238,-20.3261,0,64.1275,-20.3188,11.9
100,30,26,SISZ_Fault_30,,6.6,0.0002100115084,0.2,59,169,9971,63.8238,-20.3261,0,64.1275,-20.3188,11.9
100,30,27,SISZ_Fault_30,,6.7,0.0001131277841,0.2,59,169,9971,63.8238,-20.3261,0,64.1275,-20.3188,11.9
100,30,28,SISZ_Fault_30,,6.8,3.86E-05,0.2,59,169,9971,63.8238,-20.3261,0,64.1275,-20.3188,11.9
100,30,29,SISZ_Fault_30,,6.9,3.25E-06,0.2,59,169,9971,63.8238,-20.3261,0,64.1275,-20.3188,11.9
100,30,30,SISZ_Fault_30,,7,1.19E-06,0.2,59,169,9971,63.8238,-20.3261,0,64.1275,-20.3188,11.9
100,30,31,SISZ_Fault_30,,7.1,4.86E-07,0.2,59,169,9971,63.8238,-20.3261,0,64.1275,-20.3188,11.9
100,30,32,SISZ_Fault_30,,7.2,6.40E-08,0.2,59,169,9971,63.8238,-20.3261,0,64.1275,-20.3188,11.9
100,29,0,SISZ_Fault_29,,4,0.06350869003,0.2,55,162,8910,63.8297,-20.4618,0,64.1207,-20.4562,11.1
100,29,1,SISZ_Fault_29,,4.1,0.05646619607,0.2,55,162,8910,63.8297,-20.4618,0,64.1207,-20.4562,11.1
100,29,2,SISZ_Fault_29,,4.2,0.04824990407,0.2,55,162,8910,63.8297,-20.4618,0,64.1207,-20.4562,11.1
100,29,3,SISZ_Fault_29,,4.3,0.04250458967,0.2,55,162,8910,63.8297,-20.4618,0,64.1207,-20.4562,11.1
100,29,4,SISZ_Fault_29,,4.4,0.03697947925,0.2,55,162,8910,63.8297,-20.4618,0,64.1207,-20.4562,11.1
100,29,5,SISZ_Fault_29,,4.5,0.03369801134,0.2,55,162,8910,63.8297,-20.4618,0,64.1207,-20.4562,11.1
100,29,6,SISZ_Fault_29,,4.6,0.02933730264,0.2,55,162,8910,63.8297,-20.4618,0,64.1207,-20.4562,11.1
100,29,7,SISZ_Fault_29,,4.7,0.02547484394,0.2,55,162,8910,63.8297,-20.4618,0,64.1207,-20.4562,11.1
100,29,8,SISZ_Fault_29,,4.8,0.02257015527,0.2,55,162,8910,63.8297,-20.4618,0,64.1207,-20.4562,11.1
100,29,9,SISZ_Fault_29,,4.9,0.01955272065,0.2,55,162,8910,63.8297,-20.4618,0,64.1207,-20.4562,11.1
100,29,10,SISZ_Fault_29,,5,0.01753725863,0.2,55,162,8910,63.8297,-20.4618,0,64.1207,-20.4562,11.1
100,29,11,SISZ_Fault_29,,5.1,0.01565040068,0.2,55,162,8910,63.8297,-20.4618,0,64.1207,-20.4562,11.1
100,29,12,SISZ_Fault_29,,5.2,0.01387958722,0.2,55,162,8910,63.8297,-20.4618,0,64.1207,-20.4562,11.1
100,29,13,SISZ_Fault_29,,5.3,0.01238300115,0.2,55,162,8910,63.8297,-20.4618,0,64.1207,-20.4562,11.1
100,29,14,SISZ_Fault_29,,5.4,0.0110529486,0.2,55,162,8910,63.8297,-20.4618,0,64.1207,-20.4562,11.1
100,29,15,SISZ_Fault_29,,5.5,0.009859420986,0.2,55,162,8910,63.8297,-20.4618,0,64.1207,-20.4562,11.1
100,29,16,SISZ_Fault_29,,5.6,0.008976018418,0.2,55,162,8910,63.8297,-20.4618,0,64.1207,-20.4562,11.1
100,29,17,SISZ_Fault_29,,5.7,0.008118867293,0.2,55,162,8910,63.8297,-20.4618,0,64.1207,-20.4562,11.1
100,29,18,SISZ_Fault_29,,5.8,0.007422610387,0.2,55,162,8910,63.8297,-20.4618,0,64.1207,-20.4562,11.1
100,29,19,SISZ_Fault_29,,5.9,0.006790701622,0.2,55,162,8910,63.8297,-20.4618,0,64.1207,-20.4562,11.1
100,29,20,SISZ_Fault_29,,6,0.006168986221,0.2,55,162,8910,63.8297,-20.4618,0,64.1207,-20.4562,11.1
100,29,21,SISZ_Fault_29,,6.1,0.005558631819,0.2,55,162,8910,63.8297,-20.4618,0,64.1207,-20.4562,11.1
100,29,22,SISZ_Fault_29,,6.2,0.004715467565,0.2,55,162,8910,63.8297,-20.4618,0,64.1207,-20.4562,11.1
100,29,23,SISZ_Fault_29,,6.3,0.003873575437,0.2,55,162,8910,63.8297,-20.4618,0,64.1207,-20.4562,11.1
100,29,24,SISZ_Fault_29,,6.4,0.0030076179,0.2,55,162,8910,63.8297,-20.4618,0,64.1207,-20.4562,11.1
100,29,25,SISZ_Fault_29,,6.5,0.002050520024,0.2,55,162,8910,63.8297,-20.4618,0,64.1207,-20.4562,11.1
100,29,26,SISZ_Fault_29,,6.6,0.001036849182,0.2,55,162,8910,63.8297,-20.4618,0,64.1207,-20.4562,11.1
100,29,27,SISZ_Fault_29,,6.7,0.0003833511528,0.2,55,162,8910,63.8297,-20.4618,0,64.1207,-20.4562,11.1
100,29,28,SISZ_Fault_29,,6.8,0.0001860141074,0.2,55,162,8910,63.8297,-20.4618,0,64.1207,-20.4562,11.1
100,29,29,SISZ_Fault_29,,6.9,1.65E-05,0.2,55,162,8910,63.8297,-20.4618,0,64.1207,-20.4562,11.1
100,29,30,SISZ_Fault_29,,7,4.60E-06,0.2,55,162,8910,63.8297,-20.4618,0,64.1207,-20.4562,11.1
100,29,31,SISZ_Fault_29,,7.1,1.29E-06,0.2,55,162,8910,63.8297,-20.4618,0,64.1207,-20.4562,11.1
100,28,0,SISZ_Fault_28,,4,0.04155039308,0.2,53,158,8374,63.8332,-20.5444,0,64.1164,-20.5397,10.6
100,28,1,SISZ_Fault_28,,4.1,0.0358896832,0.2,53,158,8374,63.8332,-20.5444,0,64.1164,-20.5397,10.6
100,28,2,SISZ_Fault_28,,4.2,0.03148117375,0.2,53,158,8374,63.8332,-20.5444,0,64.1164,-20.5397,10.6
100,28,3,SISZ_Fault_28,,4.3,0.0270242084,0.2,53,158,8374,63.8332,-20.5444,0,64.1164,-20.5397,10.6
100,28,4,SISZ_Fault_28,,4.4,0.0240757605,0.2,53,158,8374,63.8332,-20.5444,0,64.1164,-20.5397,10.6
100,28,5,SISZ_Fault_28,,4.5,0.02090839117,0.2,53,158,8374,63.8332,-20.5444,0,64.1164,-20.5397,10.6
100,28,6,SISZ_Fault_28,,4.6,0.01852607435,0.2,53,158,8374,63.8332,-20.5444,0,64.1164,-20.5397,10.6
100,28,7,SISZ_Fault_28,,4.7,0.01641376805,0.2,53,158,8374,63.8332,-20.5444,0,64.1164,-20.5397,10.6
100,28,8,SISZ_Fault_28,,4.8,0.01443982107,0.2,53,158,8374,63.8332,-20.5444,0,64.1164,-20.5397,10.6
100,28,9,SISZ_Fault_28,,4.9,0.01258872763,0.2,53,158,8374,63.8332,-20.5444,0,64.1164,-20.5397,10.6
100,28,10,SISZ_Fault_28,,5,0.01119240212,0.2,53,158,8374,63.8332,-20.5444,0,64.1164,-20.5397,10.6
100,28,11,SISZ_Fault_28,,5.1,0.009960640766,0.2,53,158,8374,63.8332,-20.5444,0,64.1164,-20.5397,10.6
100,28,12,SISZ_Fault_28,,5.2,0.008894753717,0.2,53,158,8374,63.8332,-20.5444,0,64.1164,-20.5397,10.6
100,28,13,SISZ_Fault_28,,5.3,0.007831010207,0.2,53,158,8374,63.8332,-20.5444,0,64.1164,-20.5397,10.6
100,28,14,SISZ_Fault_28,,5.4,0.006910045317,0.2,53,158,8374,63.8332,-20.5444,0,64.1164,-20.5397,10.6
100,28,15,SISZ_Fault_28,,5.5,0.006277475354,0.2,53,158,8374,63.8332,-20.5444,0,64.1164,-20.5397,10.6
100,28,16,SISZ_Fault_28,,5.6,0.005690804675,0.2,53,158,8374,63.8332,-20.5444,0,64.1164,-20.5397,10.6
100,28,17,SISZ_Fault_28,,5.7,0.005167557045,0.2,53,158,8374,63.8332,-20.5444,0,64.1164,-20.5397,10.6
100,28,18,SISZ_Fault_28,,5.8,0.004704592619,0.2,53,158,8374,63.8332,-20.5444,0,64.1164,-20.5397,10.6
100,28,19,SISZ_Fault_28,,5.9,0.004194742947,0.2,53,158,8374,63.8332,-20.5444,0,64.1164,-20.5397,10.6
100,28,20,SISZ_Fault_28,,6,0.003803633088,0.2,53,158,8374,63.8332,-20.5444,0,64.1164,-20.5397,10.6
100,28,21,SISZ_Fault_28,,6.1,0.003408737351,0.2,53,158,8374,63.8332,-20.5444,0,64.1164,-20.5397,10.6
100,28,22,SISZ_Fault_28,,6.2,0.002905643505,0.2,53,158,8374,63.8332,-20.5444,0,64.1164,-20.5397,10.6
100,28,23,SISZ_Fault_28,,6.3,0.002333346591,0.2,53,158,8374,63.8332,-20.5444,0,64.1164,-20.5397,10.6
100,28,24,SISZ_Fault_28,,6.4,0.001743012745,0.2,53,158,8374,63.8332,-20.5444,0,64.1164,-20.5397,10.6
100,28,25,SISZ_Fault_28,,6.5,0.001145644665,0.2,53,158,8374,63.8332,-20.5444,0,64.1164,-20.5397,10.6
100,28,26,SISZ_Fault_28,,6.6,0.0005603079609,0.2,53,158,8374,63.8332,-20.5444,0,64.1164,-20.5397,10.6
100,28,27,SISZ_Fault_28,,6.7,0.0001940243762,0.2,53,158,8374,63.8332,-20.5444,0,64.1164,-20.5397,10.6
100,28,28,SISZ_Fault_28,,6.8,1.64E-05,0.2,53,158,8374,63.8332,-20.5444,0,64.1164,-20.5397,10.6
100,28,29,SISZ_Fault_28,,6.9,7.91E-06,0.2,53,158,8374,63.8332,-20.5444,0,64.1164,-20.5397,10.6
100,28,30,SISZ_Fault_28,,7,2.20E-06,0.2,53,158,8374,63.8332,-20.5444,0,64.1164,-20.5397,10.6
100,28,31,SISZ_Fault_28,,7.1,6.55E-07,0.2,53,158,8374,63.8332,-20.5444,0,64.1164,-20.5397,10.6
100,27,0,SISZ_Fault_27,,4,0.04343765881,0.2,50,153,7650,63.8369,-20.6326,0,64.1118,-20629,10.1
100,27,1,SISZ_Fault_27,,4.1,0.03791817166,0.2,50,153,7650,63.8369,-20.6326,0,64.1118,-20629,10.1
100,27,2,SISZ_Fault_27,,4.2,0.03240481258,0.2,50,153,7650,63.8369,-20.6326,0,64.1118,-20629,10.1
100,27,3,SISZ_Fault_27,,4.3,0.02924497605,0.2,50,153,7650,63.8369,-20.6326,0,64.1118,-20629,10.1
100,27,4,SISZ_Fault_27,,4.4,0.02554064122,0.2,50,153,7650,63.8369,-20.6326,0,64.1118,-20629,10.1
100,27,5,SISZ_Fault_27,,4.5,0.02264366675,0.2,50,153,7650,63.8369,-20.6326,0,64.1118,-20629,10.1
100,27,6,SISZ_Fault_27,,4.6,0.02009107745,0.2,50,153,7650,63.8369,-20.6326,0,64.1118,-20629,10.1
100,27,7,SISZ_Fault_27,,4.7,0.0173367471,0.2,50,153,7650,63.8369,-20.6326,0,64.1118,-20629,10.1
100,27,8,SISZ_Fault_27,,4.8,0.01565071005,0.2,50,153,7650,63.8369,-20.6326,0,64.1118,-20629,10.1
100,27,9,SISZ_Fault_27,,4.9,0.01377577746,0.2,50,153,7650,63.8369,-20.6326,0,64.1118,-20629,10.1
100,27,10,SISZ_Fault_27,,5,0.01225957458,0.2,50,153,7650,63.8369,-20.6326,0,64.1118,-20629,10.1
100,27,11,SISZ_Fault_27,,5.1,0.01074190501,0.2,50,153,7650,63.8369,-20.6326,0,64.1118,-20629,10.1
100,27,12,SISZ_Fault_27,,5.2,0.009487823412,0.2,50,153,7650,63.8369,-20.6326,0,64.1118,-20629,10.1
100,27,13,SISZ_Fault_27,,5.3,0.008311169941,0.2,50,153,7650,63.8369,-20.6326,0,64.1118,-20629,10.1
100,27,14,SISZ_Fault_27,,5.4,0.00739174495,0.2,50,153,7650,63.8369,-20.6326,0,64.1118,-20629,10.1
100,27,15,SISZ_Fault_27,,5.5,0.00655298961,0.2,50,153,7650,63.8369,-20.6326,0,64.1118,-20629,10.1
100,27,16,SISZ_Fault_27,,5.6,0.005919040194,0.2,50,153,7650,63.8369,-20.6326,0,64.1118,-20629,10.1
100,27,17,SISZ_Fault_27,,5.7,0.005324854657,0.2,50,153,7650,63.8369,-20.6326,0,64.1118,-20629,10.1
100,27,18,SISZ_Fault_27,,5.8,0.004822006061,0.2,50,153,7650,63.8369,-20.6326,0,64.1118,-20629,10.1
100,27,19,SISZ_Fault_27,,5.9,0.004293023209,0.2,50,153,7650,63.8369,-20.6326,0,64.1118,-20629,10.1
100,27,20,SISZ_Fault_27,,6,0.0038519969,0.2,50,153,7650,63.8369,-20.6326,0,64.1118,-20629,10.1
100,27,21,SISZ_Fault_27,,6.1,0.003444115435,0.2,50,153,7650,63.8369,-20.6326,0,64.1118,-20629,10.1
100,27,22,SISZ_Fault_27,,6.2,0.00290994495,0.2,50,153,7650,63.8369,-20.6326,0,64.1118,-20629,10.1
100,27,23,SISZ_Fault_27,,6.3,0.002344307506,0.2,50,153,7650,63.8369,-20.6326,0,64.1118,-20629,10.1
100,27,24,SISZ_Fault_27,,6.4,0.00174995326,0.2,50,153,7650,63.8369,-20.6326,0,64.1118,-20629,10.1
100,27,25,SISZ_Fault_27,,6.5,0.0009708022045,0.2,50,153,7650,63.8369,-20.6326,0,64.1118,-20629,10.1
100,27,26,SISZ_Fault_27,,6.6,0.0005585841947,0.2,50,153,7650,63.8369,-20.6326,0,64.1118,-20629,10.1
100,27,27,SISZ_Fault_27,,6.7,0.0001866456266,0.2,50,153,7650,63.8369,-20.6326,0,64.1118,-20629,10.1
100,27,28,SISZ_Fault_27,,6.8,1.45E-05,0.2,50,153,7650,63.8369,-20.6326,0,64.1118,-20629,10.1
100,27,29,SISZ_Fault_27,,6.9,7.62E-06,0.2,50,153,7650,63.8369,-20.6326,0,64.1118,-20629,10.1
100,27,30,SISZ_Fault_27,,7,1.96E-06,0.2,50,153,7650,63.8369,-20.6326,0,64.1118,-20629,10.1
100,27,31,SISZ_Fault_27,,7.1,5.45E-07,0.2,50,153,7650,63.8369,-20.6326,0,64.1118,-20629,10.1
100,26,0,SISZ_Fault_26,,4,0.01464011481,0.2,49,151,7399,63.8382,-20.6633,0,64.1102,-20.6601,9.9
100,26,1,SISZ_Fault_26,,4.1,0.01283625264,0.2,49,151,7399,63.8382,-20.6633,0,64.1102,-20.6601,9.9
100,26,2,SISZ_Fault_26,,4.2,0.01103864891,0.2,49,151,7399,63.8382,-20.6633,0,64.1102,-20.6601,9.9
100,26,3,SISZ_Fault_26,,4.3,0.009428089136,0.2,49,151,7399,63.8382,-20.6633,0,64.1102,-20.6601,9.9
100,26,4,SISZ_Fault_26,,4.4,0.008402711011,0.2,49,151,7399,63.8382,-20.6633,0,64.1102,-20.6601,9.9
100,26,5,SISZ_Fault_26,,4.5,0.007506075416,0.2,49,151,7399,63.8382,-20.6633,0,64.1102,-20.6601,9.9
100,26,6,SISZ_Fault_26,,4.6,0.006909848195,0.2,49,151,7399,63.8382,-20.6633,0,64.1102,-20.6601,9.9
100,26,7,SISZ_Fault_26,,4.7,0.006194013337,0.2,49,151,7399,63.8382,-20.6633,0,64.1102,-20.6601,9.9
100,26,8,SISZ_Fault_26,,4.8,0.005470208628,0.2,49,151,7399,63.8382,-20.6633,0,64.1102,-20.6601,9.9
100,26,9,SISZ_Fault_26,,4.9,0.004822231493,0.2,49,151,7399,63.8382,-20.6633,0,64.1102,-20.6601,9.9
100,26,10,SISZ_Fault_26,,5,0.004406381533,0.2,49,151,7399,63.8382,-20.6633,0,64.1102,-20.6601,9.9
100,26,11,SISZ_Fault_26,,5.1,0.003738637884,0.2,49,151,7399,63.8382,-20.6633,0,64.1102,-20.6601,9.9
100,26,12,SISZ_Fault_26,,5.2,0.003406882305,0.2,49,151,7399,63.8382,-20.6633,0,64.1102,-20.6601,9.9
100,26,13,SISZ_Fault_26,,5.3,0.003078435569,0.2,49,151,7399,63.8382,-20.6633,0,64.1102,-20.6601,9.9
100,26,14,SISZ_Fault_26,,5.4,0.002738958301,0.2,49,151,7399,63.8382,-20.6633,0,64.1102,-20.6601,9.9
100,26,15,SISZ_Fault_26,,5.5,0.002443520284,0.2,49,151,7399,63.8382,-20.6633,0,64.1102,-20.6601,9.9
100,26,16,SISZ_Fault_26,,5.6,0.002215154893,0.2,49,151,7399,63.8382,-20.6633,0,64.1102,-20.6601,9.9
100,26,17,SISZ_Fault_26,,5.7,0.002000770844,0.2,49,151,7399,63.8382,-20.6633,0,64.1102,-20.6601,9.9
100,26,18,SISZ_Fault_26,,5.8,0.001771617898,0.2,49,151,7399,63.8382,-20.6633,0,64.1102,-20.6601,9.9
100,26,19,SISZ_Fault_26,,5.9,0.001585051503,0.2,49,151,7399,63.8382,-20.6633,0,64.1102,-20.6601,9.9
100,26,20,SISZ_Fault_26,,6,0.001430979527,0.2,49,151,7399,63.8382,-20.6633,0,64.1102,-20.6601,9.9
100,26,21,SISZ_Fault_26,,6.1,0.001272419196,0.2,49,151,7399,63.8382,-20.6633,0,64.1102,-20.6601,9.9
100,26,22,SISZ_Fault_26,,6.2,0.001084653098,0.2,49,151,7399,63.8382,-20.6633,0,64.1102,-20.6601,9.9
100,26,23,SISZ_Fault_26,,6.3,0.0008624559267,0.2,49,151,7399,63.8382,-20.6633,0,64.1102,-20.6601,9.9
100,26,24,SISZ_Fault_26,,6.4,0.0006207868898,0.2,49,151,7399,63.8382,-20.6633,0,64.1102,-20.6601,9.9
100,26,25,SISZ_Fault_26,,6.5,0.0003410276442,0.2,49,151,7399,63.8382,-20.6633,0,64.1102,-20.6601,9.9
100,26,26,SISZ_Fault_26,,6.6,0.0001905105286,0.2,49,151,7399,63.8382,-20.6633,0,64.1102,-20.6601,9.9
100,26,27,SISZ_Fault_26,,6.7,6.28E-05,0.2,49,151,7399,63.8382,-20.6633,0,64.1102,-20.6601,9.9
100,26,28,SISZ_Fault_26,,6.8,3.60E-06,0.2,49,151,7399,63.8382,-20.6633,0,64.1102,-20.6601,9.9
100,26,29,SISZ_Fault_26,,6.9,2.14E-06,0.2,49,151,7399,63.8382,-20.6633,0,64.1102,-20.6601,9.9
100,26,30,SISZ_Fault_26,,7,7.58E-07,0.2,49,151,7399,63.8382,-20.6633,0,64.1102,-20.6601,9.9
100,26,31,SISZ_Fault_26,,7.1,1.82E-07,0.2,49,151,7399,63.8382,-20.6633,0,64.1102,-20.6601,9.9
100,25,0,SISZ_Fault_25,,4,0.06370093637,0.2,46,145,6670,63.8434,-20.7893,0,64.1036,-20.7873,9.2
100,25,1,SISZ_Fault_25,,4.1,0.05505102982,0.2,46,145,6670,63.8434,-20.7893,0,64.1036,-20.7873,9.2
100,25,2,SISZ_Fault_25,,4.2,0.04972446859,0.2,46,145,6670,63.8434,-20.7893,0,64.1036,-20.7873,9.2
100,25,3,SISZ_Fault_25,,4.3,0.04362857372,0.2,46,145,6670,63.8434,-20.7893,0,64.1036,-20.7873,9.2
100,25,4,SISZ_Fault_25,,4.4,0.03757459605,0.2,46,145,6670,63.8434,-20.7893,0,64.1036,-20.7873,9.2
100,25,5,SISZ_Fault_25,,4.5,0.03212987404,0.2,46,145,6670,63.8434,-20.7893,0,64.1036,-20.7873,9.2
100,25,6,SISZ_Fault_25,,4.6,0.02766023062,0.2,46,145,6670,63.8434,-20.7893,0,64.1036,-20.7873,9.2
100,25,7,SISZ_Fault_25,,4.7,0.02405120616,0.2,46,145,6670,63.8434,-20.7893,0,64.1036,-20.7873,9.2
100,25,8,SISZ_Fault_25,,4.8,0.02110381136,0.2,46,145,6670,63.8434,-20.7893,0,64.1036,-20.7873,9.2
100,25,9,SISZ_Fault_25,,4.9,0.01825704473,0.2,46,145,6670,63.8434,-20.7893,0,64.1036,-20.7873,9.2
100,25,10,SISZ_Fault_25,,5,0.01623418212,0.2,46,145,6670,63.8434,-20.7893,0,64.1036,-20.7873,9.2
100,25,11,SISZ_Fault_25,,5.1,0.01412371938,0.2,46,145,6670,63.8434,-20.7893,0,64.1036,-20.7873,9.2
100,25,12,SISZ_Fault_25,,5.2,0.01228122628,0.2,46,145,6670,63.8434,-20.7893,0,64.1036,-20.7873,9.2
100,25,13,SISZ_Fault_25,,5.3,0.01097802639,0.2,46,145,6670,63.8434,-20.7893,0,64.1036,-20.7873,9.2
100,25,14,SISZ_Fault_25,,5.4,0.00965449933,0.2,46,145,6670,63.8434,-20.7893,0,64.1036,-20.7873,9.2
100,25,15,SISZ_Fault_25,,5.5,0.008563947959,0.2,46,145,6670,63.8434,-20.7893,0,64.1036,-20.7873,9.2
100,25,16,SISZ_Fault_25,,5.6,0.007728212234,0.2,46,145,6670,63.8434,-20.7893,0,64.1036,-20.7873,9.2
100,25,17,SISZ_Fault_25,,5.7,0.006879635475,0.2,46,145,6670,63.8434,-20.7893,0,64.1036,-20.7873,9.2
100,25,18,SISZ_Fault_25,,5.8,0.006193668051,0.2,46,145,6670,63.8434,-20.7893,0,64.1036,-20.7873,9.2
100,25,19,SISZ_Fault_25,,5.9,0.005527498454,0.2,46,145,6670,63.8434,-20.7893,0,64.1036,-20.7873,9.2
100,25,20,SISZ_Fault_25,,6,0.004951715112,0.2,46,145,6670,63.8434,-20.7893,0,64.1036,-20.7873,9.2
100,25,21,SISZ_Fault_25,,6.1,0.004320757064,0.2,46,145,6670,63.8434,-20.7893,0,64.1036,-20.7873,9.2
100,25,22,SISZ_Fault_25,,6.2,0.003596098513,0.2,46,145,6670,63.8434,-20.7893,0,64.1036,-20.7873,9.2
100,25,23,SISZ_Fault_25,,6.3,0.002851272588,0.2,46,145,6670,63.8434,-20.7893,0,64.1036,-20.7873,9.2
100,25,24,SISZ_Fault_25,,6.4,0.002138717139,0.2,46,145,6670,63.8434,-20.7893,0,64.1036,-20.7873,9.2
100,25,25,SISZ_Fault_25,,6.5,0.001203541769,0.2,46,145,6670,63.8434,-20.7893,0,64.1036,-20.7873,9.2
100,25,26,SISZ_Fault_25,,6.6,0.0006310575684,0.2,46,145,6670,63.8434,-20.7893,0,64.1036,-20.7873,9.2
100,25,27,SISZ_Fault_25,,6.7,0.0002210444934,0.2,46,145,6670,63.8434,-20.7893,0,64.1036,-20.7873,9.2
100,25,28,SISZ_Fault_25,,6.8,1.10E-05,0.2,46,145,6670,63.8434,-20.7893,0,64.1036,-20.7873,9.2
100,25,29,SISZ_Fault_25,,6.9,6.68E-06,0.2,46,145,6670,63.8434,-20.7893,0,64.1036,-20.7873,9.2
100,25,30,SISZ_Fault_25,,7,2.73E-06,0.2,46,145,6670,63.8434,-20.7893,0,64.1036,-20.7873,9.2
100,25,31,SISZ_Fault_25,,7.1,4.87E-07,0.2,46,145,6670,63.8434,-20.7893,0,64.1036,-20.7873,9.2
100,24,0,SISZ_Fault_24,,4,0.07032696949,0.2,44,137,6028,63.8499,-20.9025,0,64.0955,-20.9017,8.8
100,24,1,SISZ_Fault_24,,4.1,0.05955202189,0.2,44,137,6028,63.8499,-20.9025,0,64.0955,-20.9017,8.8
100,24,2,SISZ_Fault_24,,4.2,0.05118045302,0.2,44,137,6028,63.8499,-20.9025,0,64.0955,-20.9017,8.8
100,24,3,SISZ_Fault_24,,4.3,0.04478672479,0.2,44,137,6028,63.8499,-20.9025,0,64.0955,-20.9017,8.8
100,24,4,SISZ_Fault_24,,4.4,0.03865263567,0.2,44,137,6028,63.8499,-20.9025,0,64.0955,-20.9017,8.8
100,24,5,SISZ_Fault_24,,4.5,0.03340459766,0.2,44,137,6028,63.8499,-20.9025,0,64.0955,-20.9017,8.8
100,24,6,SISZ_Fault_24,,4.6,0.02900738448,0.2,44,137,6028,63.8499,-20.9025,0,64.0955,-20.9017,8.8
100,24,7,SISZ_Fault_24,,4.7,0.02513769433,0.2,44,137,6028,63.8499,-20.9025,0,64.0955,-20.9017,8.8
100,24,8,SISZ_Fault_24,,4.8,0.02165058381,0.2,44,137,6028,63.8499,-20.9025,0,64.0955,-20.9017,8.8
100,24,9,SISZ_Fault_24,,4.9,0.01868787886,0.2,44,137,6028,63.8499,-20.9025,0,64.0955,-20.9017,8.8
100,24,10,SISZ_Fault_24,,5,0.01628972257,0.2,44,137,6028,63.8499,-20.9025,0,64.0955,-20.9017,8.8
100,24,11,SISZ_Fault_24,,5.1,0.01428562201,0.2,44,137,6028,63.8499,-20.9025,0,64.0955,-20.9017,8.8
100,24,12,SISZ_Fault_24,,5.2,0.012644246,0.2,44,137,6028,63.8499,-20.9025,0,64.0955,-20.9017,8.8
100,24,13,SISZ_Fault_24,,5.3,0.01107018393,0.2,44,137,6028,63.8499,-20.9025,0,64.0955,-20.9017,8.8
100,24,14,SISZ_Fault_24,,5.4,0.009695155497,0.2,44,137,6028,63.8499,-20.9025,0,64.0955,-20.9017,8.8
100,24,15,SISZ_Fault_24,,5.5,0.008471134488,0.2,44,137,6028,63.8499,-20.9025,0,64.0955,-20.9017,8.8
100,24,16,SISZ_Fault_24,,5.6,0.007475452697,0.2,44,137,6028,63.8499,-20.9025,0,64.0955,-20.9017,8.8
100,24,17,SISZ_Fault_24,,5.7,0.006604106661,0.2,44,137,6028,63.8499,-20.9025,0,64.0955,-20.9017,8.8
100,24,18,SISZ_Fault_24,,5.8,0.005835908221,0.2,44,137,6028,63.8499,-20.9025,0,64.0955,-20.9017,8.8
100,24,19,SISZ_Fault_24,,5.9,0.005166365959,0.2,44,137,6028,63.8499,-20.9025,0,64.0955,-20.9017,8.8
100,24,20,SISZ_Fault_24,,6,0.00453237917,0.2,44,137,6028,63.8499,-20.9025,0,64.0955,-20.9017,8.8
100,24,21,SISZ_Fault_24,,6.1,0.003875942874,0.2,44,137,6028,63.8499,-20.9025,0,64.0955,-20.9017,8.8
100,24,22,SISZ_Fault_24,,6.2,0.003134250024,0.2,44,137,6028,63.8499,-20.9025,0,64.0955,-20.9017,8.8
100,24,23,SISZ_Fault_24,,6.3,0.002469282335,0.2,44,137,6028,63.8499,-20.9025,0,64.0955,-20.9017,8.8
100,24,24,SISZ_Fault_24,,6.4,0.001747324431,0.2,44,137,6028,63.8499,-20.9025,0,64.0955,-20.9017,8.8
100,24,25,SISZ_Fault_24,,6.5,0.000961956993,0.2,44,137,6028,63.8499,-20.9025,0,64.0955,-20.9017,8.8
100,24,26,SISZ_Fault_24,,6.6,0.0003353415962,0.2,44,137,6028,63.8499,-20.9025,0,64.0955,-20.9017,8.8
100,24,27,SISZ_Fault_24,,6.7,8.89E-05,0.2,44,137,6028,63.8499,-20.9025,0,64.0955,-20.9017,8.8
100,24,28,SISZ_Fault_24,,6.8,6.94E-06,0.2,44,137,6028,63.8499,-20.9025,0,64.0955,-20.9017,8.8
100,24,29,SISZ_Fault_24,,6.9,4.19E-06,0.2,44,137,6028,63.8499,-20.9025,0,64.0955,-20.9017,8.8
100,24,30,SISZ_Fault_24,,7,1.36E-06,0.2,44,137,6028,63.8499,-20.9025,0,64.0955,-20.9017,8.8
100,23,0,SISZ_Fault_23,,4,0.01272543562,0.2,44,135,5940,63.8514,-20.9252,0,64.0937,-20.9245,8.8
100,23,1,SISZ_Fault_23,,4.1,0.01153844169,0.2,44,135,5940,63.8514,-20.9252,0,64.0937,-20.9245,8.8
100,23,2,SISZ_Fault_23,,4.2,0.01026253695,0.2,44,135,5940,63.8514,-20.9252,0,64.0937,-20.9245,8.8
100,23,3,SISZ_Fault_23,,4.3,0.009044175435,0.2,44,135,5940,63.8514,-20.9252,0,64.0937,-20.9245,8.8
100,23,4,SISZ_Fault_23,,4.4,0.007975928603,0.2,44,135,5940,63.8514,-20.9252,0,64.0937,-20.9245,8.8
100,23,5,SISZ_Fault_23,,4.5,0.006844530582,0.2,44,135,5940,63.8514,-20.9252,0,64.0937,-20.9245,8.8
100,23,6,SISZ_Fault_23,,4.6,0.006337901701,0.2,44,135,5940,63.8514,-20.9252,0,64.0937,-20.9245,8.8
100,23,7,SISZ_Fault_23,,4.7,0.005514193877,0.2,44,135,5940,63.8514,-20.9252,0,64.0937,-20.9245,8.8
100,23,8,SISZ_Fault_23,,4.8,0.004882522492,0.2,44,135,5940,63.8514,-20.9252,0,64.0937,-20.9245,8.8
100,23,9,SISZ_Fault_23,,4.9,0.004277557056,0.2,44,135,5940,63.8514,-20.9252,0,64.0937,-20.9245,8.8
100,23,10,SISZ_Fault_23,,5,0.003708580936,0.2,44,135,5940,63.8514,-20.9252,0,64.0937,-20.9245,8.8
100,23,11,SISZ_Fault_23,,5.1,0.003279267333,0.2,44,135,5940,63.8514,-20.9252,0,64.0937,-20.9245,8.8
100,23,12,SISZ_Fault_23,,5.2,0.002886037023,0.2,44,135,5940,63.8514,-20.9252,0,64.0937,-20.9245,8.8
100,23,13,SISZ_Fault_23,,5.3,0.002529083516,0.2,44,135,5940,63.8514,-20.9252,0,64.0937,-20.9245,8.8
100,23,14,SISZ_Fault_23,,5.4,0.002230156282,0.2,44,135,5940,63.8514,-20.9252,0,64.0937,-20.9245,8.8
100,23,15,SISZ_Fault_23,,5.5,0.001946652494,0.2,44,135,5940,63.8514,-20.9252,0,64.0937,-20.9245,8.8
100,23,16,SISZ_Fault_23,,5.6,0.001721745054,0.2,44,135,5940,63.8514,-20.9252,0,64.0937,-20.9245,8.8
100,23,17,SISZ_Fault_23,,5.7,0.001513249941,0.2,44,135,5940,63.8514,-20.9252,0,64.0937,-20.9245,8.8
100,23,18,SISZ_Fault_23,,5.8,0.001357824696,0.2,44,135,5940,63.8514,-20.9252,0,64.0937,-20.9245,8.8
100,23,19,SISZ_Fault_23,,5.9,0.001185953202,0.2,44,135,5940,63.8514,-20.9252,0,64.0937,-20.9245,8.8
100,23,20,SISZ_Fault_23,,6,0.001037743234,0.2,44,135,5940,63.8514,-20.9252,0,64.0937,-20.9245,8.8
100,23,21,SISZ_Fault_23,,6.1,0.0008500810384,0.2,44,135,5940,63.8514,-20.9252,0,64.0937,-20.9245,8.8
100,23,22,SISZ_Fault_23,,6.2,0.000684819437,0.2,44,135,5940,63.8514,-20.9252,0,64.0937,-20.9245,8.8
100,23,23,SISZ_Fault_23,,6.3,0.0005003757701,0.2,44,135,5940,63.8514,-20.9252,0,64.0937,-20.9245,8.8
100,23,24,SISZ_Fault_23,,6.4,0.0003550766666,0.2,44,135,5940,63.8514,-20.9252,0,64.0937,-20.9245,8.8
100,23,25,SISZ_Fault_23,,6.5,0.0001794936567,0.2,44,135,5940,63.8514,-20.9252,0,64.0937,-20.9245,8.8
100,23,26,SISZ_Fault_23,,6.6,6.39E-05,0.2,44,135,5940,63.8514,-20.9252,0,64.0937,-20.9245,8.8
100,23,27,SISZ_Fault_23,,6.7,2.96E-05,0.2,44,135,5940,63.8514,-20.9252,0,64.0937,-20.9245,8.8
100,23,28,SISZ_Fault_23,,6.8,1.39E-06,0.2,44,135,5940,63.8514,-20.9252,0,64.0937,-20.9245,8.8
100,23,29,SISZ_Fault_23,,6.9,8.53E-07,0.2,44,135,5940,63.8514,-20.9252,0,64.0937,-20.9245,8.8
100,23,30,SISZ_Fault_23,,7,2.48E-07,0.2,44,135,5940,63.8514,-20.9252,0,64.0937,-20.9245,8.8
100,22,0,SISZ_Fault_22,,4,0.05353370996,0.2,43,128,5504,63.8565,-21.0053,0,64.0874,-21.0053,8.6
100,22,1,SISZ_Fault_22,,4.1,0.04637913924,0.2,43,128,5504,63.8565,-21.0053,0,64.0874,-21.0053,8.6
100,22,2,SISZ_Fault_22,,4.2,0.04048447581,0.2,43,128,5504,63.8565,-21.0053,0,64.0874,-21.0053,8.6
100,22,3,SISZ_Fault_22,,4.3,0.03495724638,0.2,43,128,5504,63.8565,-21.0053,0,64.0874,-21.0053,8.6
100,22,4,SISZ_Fault_22,,4.4,0.02992168553,0.2,43,128,5504,63.8565,-21.0053,0,64.0874,-21.0053,8.6
100,22,5,SISZ_Fault_22,,4.5,0.02622159,0.2,43,128,5504,63.8565,-21.0053,0,64.0874,-21.0053,8.6
100,22,6,SISZ_Fault_22,,4.6,0.02256148881,0.2,43,128,5504,63.8565,-21.0053,0,64.0874,-21.0053,8.6
100,22,7,SISZ_Fault_22,,4.7,0.01947696189,0.2,43,128,5504,63.8565,-21.0053,0,64.0874,-21.0053,8.6
100,22,8,SISZ_Fault_22,,4.8,0.01685673875,0.2,43,128,5504,63.8565,-21.0053,0,64.0874,-21.0053,8.6
100,22,9,SISZ_Fault_22,,4.9,0.01482278497,0.2,43,128,5504,63.8565,-21.0053,0,64.0874,-21.0053,8.6
100,22,10,SISZ_Fault_22,,5,0.01292787393,0.2,43,128,5504,63.8565,-21.0053,0,64.0874,-21.0053,8.6
100,22,11,SISZ_Fault_22,,5.1,0.0113042325,0.2,43,128,5504,63.8565,-21.0053,0,64.0874,-21.0053,8.6
100,22,12,SISZ_Fault_22,,5.2,0.00992826679,0.2,43,128,5504,63.8565,-21.0053,0,64.0874,-21.0053,8.6
100,22,13,SISZ_Fault_22,,5.3,0.00851649799,0.2,43,128,5504,63.8565,-21.0053,0,64.0874,-21.0053,8.6
100,22,14,SISZ_Fault_22,,5.4,0.007424855529,0.2,43,128,5504,63.8565,-21.0053,0,64.0874,-21.0053,8.6
100,22,15,SISZ_Fault_22,,5.5,0.0065176664,0.2,43,128,5504,63.8565,-21.0053,0,64.0874,-21.0053,8.6
100,22,16,SISZ_Fault_22,,5.6,0.005643754649,0.2,43,128,5504,63.8565,-21.0053,0,64.0874,-21.0053,8.6
100,22,17,SISZ_Fault_22,,5.7,0.004925708121,0.2,43,128,5504,63.8565,-21.0053,0,64.0874,-21.0053,8.6
100,22,18,SISZ_Fault_22,,5.8,0.004298949713,0.2,43,128,5504,63.8565,-21.0053,0,64.0874,-21.0053,8.6
100,22,19,SISZ_Fault_22,,5.9,0.003768084569,0.2,43,128,5504,63.8565,-21.0053,0,64.0874,-21.0053,8.6
100,22,20,SISZ_Fault_22,,6,0.003255574547,0.2,43,128,5504,63.8565,-21.0053,0,64.0874,-21.0053,8.6
100,22,21,SISZ_Fault_22,,6.1,0.002657114566,0.2,43,128,5504,63.8565,-21.0053,0,64.0874,-21.0053,8.6
100,22,22,SISZ_Fault_22,,6.2,0.002075985717,0.2,43,128,5504,63.8565,-21.0053,0,64.0874,-21.0053,8.6
100,22,23,SISZ_Fault_22,,6.3,0.001489882374,0.2,43,128,5504,63.8565,-21.0053,0,64.0874,-21.0053,8.6
100,22,24,SISZ_Fault_22,,6.4,0.0009870153719,0.2,43,128,5504,63.8565,-21.0053,0,64.0874,-21.0053,8.6
100,22,25,SISZ_Fault_22,,6.5,0.0005172875002,0.2,43,128,5504,63.8565,-21.0053,0,64.0874,-21.0053,8.6
100,22,26,SISZ_Fault_22,,6.6,0.0001830357672,0.2,43,128,5504,63.8565,-21.0053,0,64.0874,-21.0053,8.6
100,22,27,SISZ_Fault_22,,6.7,1.11E-05,0.2,43,128,5504,63.8565,-21.0053,0,64.0874,-21.0053,8.6
100,22,28,SISZ_Fault_22,,6.8,3.72E-06,0.2,43,128,5504,63.8565,-21.0053,0,64.0874,-21.0053,8.6
100,22,29,SISZ_Fault_22,,6.9,2.27E-06,0.2,43,128,5504,63.8565,-21.0053,0,64.0874,-21.0053,8.6
100,22,30,SISZ_Fault_22,,7,6.08E-07,0.2,43,128,5504,63.8565,-21.0053,0,64.0874,-21.0053,8.6
100,21,0,SISZ_Fault_21,,4,0.0546766254,0.2,42,123,5166,63.8612,-21.0789,0,64.0816,-21.0795,8.4
100,21,1,SISZ_Fault_21,,4.1,0.04921074722,0.2,42,123,5166,63.8612,-21.0789,0,64.0816,-21.0795,8.4
100,21,2,SISZ_Fault_21,,4.2,0.04257294289,0.2,42,123,5166,63.8612,-21.0789,0,64.0816,-21.0795,8.4
100,21,3,SISZ_Fault_21,,4.3,0.03644371532,0.2,42,123,5166,63.8612,-21.0789,0,64.0816,-21.0795,8.4
100,21,4,SISZ_Fault_21,,4.4,0.03053630386,0.2,42,123,5166,63.8612,-21.0789,0,64.0816,-21.0795,8.4
100,21,5,SISZ_Fault_21,,4.5,0.02606030169,0.2,42,123,5166,63.8612,-21.0789,0,64.0816,-21.0795,8.4
100,21,6,SISZ_Fault_21,,4.6,0.02250757542,0.2,42,123,5166,63.8612,-21.0789,0,64.0816,-21.0795,8.4
100,21,7,SISZ_Fault_21,,4.7,0.01928170846,0.2,42,123,5166,63.8612,-21.0789,0,64.0816,-21.0795,8.4
100,21,8,SISZ_Fault_21,,4.8,0.0166872759,0.2,42,123,5166,63.8612,-21.0789,0,64.0816,-21.0795,8.4
100,21,9,SISZ_Fault_21,,4.9,0.01446516726,0.2,42,123,5166,63.8612,-21.0789,0,64.0816,-21.0795,8.4
100,21,10,SISZ_Fault_21,,5,0.01275828424,0.2,42,123,5166,63.8612,-21.0789,0,64.0816,-21.0795,8.4
100,21,11,SISZ_Fault_21,,5.1,0.01097076281,0.2,42,123,5166,63.8612,-21.0789,0,64.0816,-21.0795,8.4
100,21,12,SISZ_Fault_21,,5.2,0.009535372262,0.2,42,123,5166,63.8612,-21.0789,0,64.0816,-21.0795,8.4
100,21,13,SISZ_Fault_21,,5.3,0.008111614244,0.2,42,123,5166,63.8612,-21.0789,0,64.0816,-21.0795,8.4
100,21,14,SISZ_Fault_21,,5.4,0.006965308362,0.2,42,123,5166,63.8612,-21.0789,0,64.0816,-21.0795,8.4
100,21,15,SISZ_Fault_21,,5.5,0.006037816734,0.2,42,123,5166,63.8612,-21.0789,0,64.0816,-21.0795,8.4
100,21,16,SISZ_Fault_21,,5.6,0.005174517615,0.2,42,123,5166,63.8612,-21.0789,0,64.0816,-21.0795,8.4
100,21,17,SISZ_Fault_21,,5.7,0.004429529143,0.2,42,123,5166,63.8612,-21.0789,0,64.0816,-21.0795,8.4
100,21,18,SISZ_Fault_21,,5.8,0.003859621265,0.2,42,123,5166,63.8612,-21.0789,0,64.0816,-21.0795,8.4
100,21,19,SISZ_Fault_21,,5.9,0.003311142174,0.2,42,123,5166,63.8612,-21.0789,0,64.0816,-21.0795,8.4
100,21,20,SISZ_Fault_21,,6,0.002822253707,0.2,42,123,5166,63.8612,-21.0789,0,64.0816,-21.0795,8.4
100,21,21,SISZ_Fault_21,,6.1,0.002305144345,0.2,42,123,5166,63.8612,-21.0789,0,64.0816,-21.0795,8.4
100,21,22,SISZ_Fault_21,,6.2,0.001781791625,0.2,42,123,5166,63.8612,-21.0789,0,64.0816,-21.0795,8.4
100,21,23,SISZ_Fault_21,,6.3,0.001218169485,0.2,42,123,5166,63.8612,-21.0789,0,64.0816,-21.0795,8.4
100,21,24,SISZ_Fault_21,,6.4,0.0007735642428,0.2,42,123,5166,63.8612,-21.0789,0,64.0816,-21.0795,8.4
100,21,25,SISZ_Fault_21,,6.5,0.0002938196091,0.2,42,123,5166,63.8612,-21.0789,0,64.0816,-21.0795,8.4
100,21,26,SISZ_Fault_21,,6.6,0.0001413561998,0.2,42,123,5166,63.8612,-21.0789,0,64.0816,-21.0795,8.4
100,21,27,SISZ_Fault_21,,6.7,9.55E-06,0.2,42,123,5166,63.8612,-21.0789,0,64.0816,-21.0795,8.4
100,21,28,SISZ_Fault_21,,6.8,3.36E-06,0.2,42,123,5166,63.8612,-21.0789,0,64.0816,-21.0795,8.4
100,21,29,SISZ_Fault_21,,6.9,1.96E-06,0.2,42,123,5166,63.8612,-21.0789,0,64.0816,-21.0795,8.4
100,21,30,SISZ_Fault_21,,7,3.49E-07,0.2,42,123,5166,63.8612,-21.0789,0,64.0816,-21.0795,8.4
100,20,0,SISZ_Fault_20,,4,0.05892338355,0.2,40,112,4480,63.8692,-21.2063,0,64.0713,-21.2078,8.1
100,20,1,SISZ_Fault_20,,4.1,0.04970037106,0.2,40,112,4480,63.8692,-21.2063,0,64.0713,-21.2078,8.1
100,20,2,SISZ_Fault_20,,4.2,0.04182691644,0.2,40,112,4480,63.8692,-21.2063,0,64.0713,-21.2078,8.1
100,20,3,SISZ_Fault_20,,4.3,0.03534702425,0.2,40,112,4480,63.8692,-21.2063,0,64.0713,-21.2078,8.1
100,20,4,SISZ_Fault_20,,4.4,0.03065352124,0.2,40,112,4480,63.8692,-21.2063,0,64.0713,-21.2078,8.1
100,20,5,SISZ_Fault_20,,4.5,0.02622973977,0.2,40,112,4480,63.8692,-21.2063,0,64.0713,-21.2078,8.1
100,20,6,SISZ_Fault_20,,4.6,0.02233964974,0.2,40,112,4480,63.8692,-21.2063,0,64.0713,-21.2078,8.1
100,20,7,SISZ_Fault_20,,4.7,0.01915888657,0.2,40,112,4480,63.8692,-21.2063,0,64.0713,-21.2078,8.1
100,20,8,SISZ_Fault_20,,4.8,0.01637127051,0.2,40,112,4480,63.8692,-21.2063,0,64.0713,-21.2078,8.1
100,20,9,SISZ_Fault_20,,4.9,0.01409839573,0.2,40,112,4480,63.8692,-21.2063,0,64.0713,-21.2078,8.1
100,20,10,SISZ_Fault_20,,5,0.01205357093,0.2,40,112,4480,63.8692,-21.2063,0,64.0713,-21.2078,8.1
100,20,11,SISZ_Fault_20,,5.1,0.01047604326,0.2,40,112,4480,63.8692,-21.2063,0,64.0713,-21.2078,8.1
100,20,12,SISZ_Fault_20,,5.2,0.008936327545,0.2,40,112,4480,63.8692,-21.2063,0,64.0713,-21.2078,8.1
100,20,13,SISZ_Fault_20,,5.3,0.007628233553,0.2,40,112,4480,63.8692,-21.2063,0,64.0713,-21.2078,8.1
100,20,14,SISZ_Fault_20,,5.4,0.006497958415,0.2,40,112,4480,63.8692,-21.2063,0,64.0713,-21.2078,8.1
100,20,15,SISZ_Fault_20,,5.5,0.005483308099,0.2,40,112,4480,63.8692,-21.2063,0,64.0713,-21.2078,8.1
100,20,16,SISZ_Fault_20,,5.6,0.004668129182,0.2,40,112,4480,63.8692,-21.2063,0,64.0713,-21.2078,8.1
100,20,17,SISZ_Fault_20,,5.7,0.004000639041,0.2,40,112,4480,63.8692,-21.2063,0,64.0713,-21.2078,8.1
100,20,18,SISZ_Fault_20,,5.8,0.003391379287,0.2,40,112,4480,63.8692,-21.2063,0,64.0713,-21.2078,8.1
100,20,19,SISZ_Fault_20,,5.9,0.00281515283,0.2,40,112,4480,63.8692,-21.2063,0,64.0713,-21.2078,8.1
100,20,20,SISZ_Fault_20,,6,0.002219759947,0.2,40,112,4480,63.8692,-21.2063,0,64.0713,-21.2078,8.1
100,20,21,SISZ_Fault_20,,6.1,0.001735268052,0.2,40,112,4480,63.8692,-21.2063,0,64.0713,-21.2078,8.1
100,20,22,SISZ_Fault_20,,6.2,0.001381254515,0.2,40,112,4480,63.8692,-21.2063,0,64.0713,-21.2078,8.1
100,20,23,SISZ_Fault_20,,6.3,0.0008429124598,0.2,40,112,4480,63.8692,-21.2063,0,64.0713,-21.2078,8.1
100,20,24,SISZ_Fault_20,,6.4,0.0004783621031,0.2,40,112,4480,63.8692,-21.2063,0,64.0713,-21.2078,8.1
100,20,25,SISZ_Fault_20,,6.5,0.0001706819518,0.2,40,112,4480,63.8692,-21.2063,0,64.0713,-21.2078,8.1
100,20,26,SISZ_Fault_20,,6.6,1.27E-05,0.2,40,112,4480,63.8692,-21.2063,0,64.0713,-21.2078,8.1
100,20,27,SISZ_Fault_20,,6.7,6.25E-06,0.2,40,112,4480,63.8692,-21.2063,0,64.0713,-21.2078,8.1
100,20,28,SISZ_Fault_20,,6.8,2.46E-06,0.2,40,112,4480,63.8692,-21.2063,0,64.0713,-21.2078,8.1
100,20,29,SISZ_Fault_20,,6.9,6.69E-07,0.2,40,112,4480,63.8692,-21.2063,0,64.0713,-21.2078,8.1
